date,department,project_count,avg_project_duration,budget_k,employee_count,actual_spend_k,revenue_k,customer_satisfaction,project_success_rate,risk_level
2020-01-01,Marketing,6,42,292.0,25,331.36,587.72,72.8,79.8,medium
2020-01-02,R&D,6,48,58.39,54,67.94,160.57,62.9,76.4,medium
2020-01-02,Marketing,7,38,127.27,57,109.98,210.56,84.2,89.1,medium
2020-01-02,HR,4,33,480.31,10,297.0,820.22,100.0,100.0,low
2020-01-05,Sales,5,28,461.72,36,335.65,1139.02,90.9,98.9,low
2020-01-05,R&D,10,35,120.04,29,177.72,270.83,63.9,68.6,high
2020-01-08,Finance,12,38,210.62,89,345.09,382.63,48.6,50.1,high
2020-01-09,Finance,5,46,163.53,149,184.67,237.96,72.3,87.5,medium
2020-01-09,IT,4,55,126.67,95,163.06,354.09,69.7,64.5,high
2020-01-10,Sales,6,30,350.82,61,376.84,756.34,68.2,82.3,medium
2020-01-12,IT,10,26,396.72,43,295.56,864.26,98.5,95.0,medium
2020-01-12,Operations,4,30,134.99,173,113.85,330.89,89.0,88.1,low
2020-01-14,HR,8,24,438.34,139,538.01,586.53,64.1,75.1,high
2020-01-15,Sales,2,23,58.12,25,32.27,151.74,100.0,100.0,low
2020-01-15,IT,8,7,63.67,188,33.56,122.94,95.4,100.0,medium
2020-01-16,Sales,7,45,325.36,174,336.2,632.51,70.6,80.8,medium
2020-01-17,R&D,6,31,162.02,127,144.86,435.6,85.1,88.7,low
2020-01-18,Marketing,10,28,195.57,30,206.34,301.73,73.0,76.3,medium
2020-01-19,Marketing,2,5,248.5,88,154.23,494.52,100.0,93.6,low
2020-01-20,R&D,6,30,409.22,122,630.92,1289.77,54.8,59.2,high
2020-01-21,R&D,6,18,496.92,110,464.91,1451.03,80.6,88.7,low
2020-01-21,Marketing,5,45,429.49,137,475.18,628.69,65.7,86.1,medium
2020-01-22,IT,3,28,304.83,196,304.87,699.68,84.5,97.7,low
2020-01-22,IT,5,44,266.3,36,278.45,646.56,79.2,81.9,low
2020-01-23,Marketing,5,22,289.22,89,323.34,503.9,70.3,81.2,medium
2020-01-25,R&D,9,23,409.86,109,467.85,914.25,65.6,80.2,medium
2020-01-27,Sales,7,29,327.86,121,338.93,874.58,81.4,86.2,medium
2020-01-28,Finance,8,28,98.51,119,93.7,170.06,80.1,90.2,medium
2020-01-28,Finance,3,25,378.81,164,376.34,739.95,80.1,89.7,low
2020-01-29,Operations,5,26,335.45,151,285.58,932.39,92.9,90.0,low
2020-02-02,R&D,11,42,345.79,76,504.72,1049.43,62.2,56.5,high
2020-02-02,Finance,6,30,141.7,185,90.39,278.5,92.8,100.0,low
2020-02-04,Finance,6,26,80.01,190,69.86,172.43,83.6,99.7,low
2020-02-04,Operations,7,18,290.08,49,301.63,704.93,70.2,82.2,medium
2020-02-05,R&D,5,47,485.69,197,630.47,1581.19,65.6,75.6,high
2020-02-05,R&D,3,24,188.95,129,142.47,430.66,95.0,100.0,low
2020-02-06,HR,4,23,295.66,142,142.11,480.42,100.0,100.0,low
2020-02-06,IT,3,25,367.16,176,202.37,896.06,100.0,98.2,low
2020-02-06,R&D,4,21,130.11,123,164.83,290.79,59.8,81.0,high
2020-02-07,Operations,4,13,241.75,161,200.12,559.32,84.1,86.5,low
2020-02-08,Sales,5,56,136.17,40,174.31,288.32,59.8,73.3,high
2020-02-08,Operations,6,29,185.67,175,224.5,560.78,70.3,79.8,high
2020-02-08,Sales,7,35,303.13,88,365.41,740.89,65.3,79.9,high
2020-02-10,Finance,7,21,193.17,157,189.22,413.2,90.2,92.7,medium
2020-02-10,Finance,4,5,336.3,135,198.13,699.36,100.0,99.0,low
2020-02-10,Operations,5,31,50.71,149,42.74,127.3,96.7,81.0,low
2020-02-11,R&D,4,36,297.78,189,385.41,662.27,56.4,87.7,high
2020-02-12,Sales,5,25,256.23,108,202.43,596.71,85.1,94.0,low
2020-02-15,HR,6,29,292.13,88,237.59,507.1,91.9,85.4,low
2020-02-16,Sales,5,23,175.12,119,139.1,362.98,85.6,96.2,low
2020-02-16,Finance,3,36,53.27,141,50.05,88.39,84.3,85.0,low
2020-02-16,R&D,6,44,390.86,169,543.27,1081.99,64.0,66.9,high
2020-02-17,Operations,8,45,384.3,179,354.45,942.9,85.2,78.4,medium
2020-02-18,Finance,4,34,412.71,33,258.11,820.48,99.6,100.0,low
2020-02-20,Sales,8,23,248.34,15,200.99,509.74,90.9,86.8,medium
2020-02-22,Operations,3,26,302.08,184,189.31,876.94,100.0,100.0,low
2020-02-22,HR,8,27,467.38,62,336.17,761.71,97.3,93.3,medium
2020-02-22,HR,4,20,220.22,48,165.98,330.38,93.7,100.0,low
2020-02-23,IT,4,35,336.83,86,388.83,789.15,77.0,75.5,medium
2020-02-23,HR,10,24,227.6,39,206.21,285.89,84.9,85.6,medium
2020-02-27,Operations,7,16,59.23,163,44.53,138.74,88.9,100.0,medium
2020-02-27,R&D,8,39,492.91,149,612.89,1568.21,67.1,77.7,high
2020-02-27,HR,5,45,408.28,41,486.19,500.04,76.1,79.1,medium
2020-02-27,IT,10,35,423.81,61,679.56,850.3,55.6,64.4,high
2020-02-28,Marketing,7,24,309.1,95,295.83,571.53,82.9,85.4,medium
2020-03-02,Finance,6,21,285.47,174,276.86,551.86,82.4,100.0,low
2020-03-03,HR,6,37,82.32,80,85.54,145.47,72.0,80.6,low
2020-03-05,IT,6,25,70.82,109,68.59,188.44,74.1,87.2,low
2020-03-09,HR,4,31,134.77,115,101.76,218.6,100.0,100.0,low
2020-03-09,Finance,4,25,300.6,14,184.31,440.87,100.0,100.0,low
2020-03-10,HR,5,27,109.43,97,81.04,180.44,88.5,96.1,low
2020-03-12,Sales,7,23,313.79,36,230.11,694.76,98.2,88.5,medium
2020-03-14,Sales,6,34,314.03,80,399.79,747.87,61.0,74.6,high
2020-03-15,Operations,6,25,112.22,126,126.77,298.39,74.6,80.2,medium
2020-03-16,HR,6,22,65.62,166,52.48,87.07,95.2,91.1,low
2020-03-16,IT,5,31,214.91,45,250.27,531.26,67.6,81.7,medium
2020-03-20,Operations,5,15,335.54,32,290.25,859.49,97.2,92.1,low
2020-03-21,Marketing,9,29,303.07,60,398.82,605.46,65.3,65.3,high
2020-03-21,R&D,8,50,121.39,74,152.28,281.33,66.1,74.1,high
2020-03-26,Finance,3,41,116.83,182,94.27,176.88,88.6,91.7,low
2020-03-26,R&D,5,50,414.56,53,544.61,1230.53,66.4,79.0,high
2020-03-28,Operations,4,31,475.6,31,346.35,1326.42,89.5,97.1,low
2020-03-30,R&D,5,18,397.52,90,254.97,1277.06,93.3,93.6,low
2020-03-30,R&D,6,22,278.44,133,252.31,821.1,85.1,87.5,low
2020-03-31,Operations,5,24,315.64,49,276.74,668.72,89.1,94.7,low
2020-04-01,IT,9,36,260.97,98,332.32,585.98,67.0,68.9,high
2020-04-01,Sales,4,23,496.51,19,352.05,987.9,97.5,100.0,low
2020-04-03,Sales,4,33,229.35,131,233.64,457.04,81.2,93.0,low
2020-04-05,R&D,9,20,99.72,95,112.32,258.73,79.2,81.7,medium
2020-04-05,R&D,4,31,60.02,22,43.35,177.71,98.0,95.1,low
2020-04-05,Finance,10,39,311.47,173,486.57,545.75,56.5,72.2,high
2020-04-08,Sales,7,26,211.0,69,239.05,419.85,69.3,79.3,medium
2020-04-08,Marketing,7,35,270.7,60,293.64,408.61,77.7,79.0,medium
2020-04-08,Operations,6,5,317.27,85,156.85,768.02,100.0,100.0,low
2020-04-08,Operations,9,22,95.49,168,111.54,260.63,78.6,66.9,medium
2020-04-08,Finance,4,24,193.78,116,91.62,362.64,100.0,100.0,low
2020-04-08,Sales,7,43,207.91,31,179.68,433.17,82.4,92.2,medium
2020-04-08,R&D,10,41,207.43,158,234.47,560.3,71.2,87.4,medium
2020-04-09,HR,10,27,323.47,81,426.71,482.78,68.6,75.3,high
2020-04-09,IT,5,37,221.64,16,307.32,530.39,60.8,66.5,high
2020-04-12,Finance,7,19,126.3,80,59.79,263.82,97.1,100.0,medium
2020-04-12,Finance,3,20,59.13,170,60.52,96.87,75.6,83.9,low
2020-04-13,Sales,11,30,88.9,75,113.3,227.64,60.9,75.8,high
2020-04-13,Operations,10,41,181.92,187,259.87,512.8,64.3,61.9,high
2020-04-15,Marketing,6,55,385.81,62,527.04,585.99,61.1,77.5,high
2020-04-15,Operations,5,37,319.35,99,321.41,697.73,80.4,88.8,low
2020-04-16,Operations,6,32,106.11,158,86.57,292.11,87.2,85.7,low
2020-04-18,Marketing,9,32,230.96,195,301.87,404.71,66.2,58.2,high
2020-04-21,Marketing,10,20,461.08,17,477.45,917.42,78.8,87.4,medium
2020-04-22,Sales,2,28,269.52,54,264.68,739.9,71.0,83.0,low
2020-04-22,IT,5,19,197.96,116,159.12,440.0,99.6,93.6,low
2020-04-22,Sales,7,34,97.66,91,83.0,224.77,83.8,94.0,medium
2020-04-24,Marketing,4,21,302.16,157,125.08,582.65,100.0,100.0,low
2020-04-25,Operations,4,30,253.52,90,265.31,581.54,76.3,92.2,low
2020-04-26,R&D,13,48,158.71,131,240.63,494.51,61.6,65.1,high
2020-04-26,Operations,4,50,100.21,60,120.47,313.81,76.3,76.0,high
2020-04-27,Marketing,6,42,427.64,85,476.33,619.02,76.3,81.8,medium
2020-04-29,Sales,2,45,287.25,150,222.49,581.43,90.3,100.0,low
2020-04-29,Operations,7,23,358.96,135,210.97,1063.88,97.2,100.0,medium
2020-05-01,Marketing,6,49,495.28,48,495.74,919.33,70.2,80.7,low
2020-05-01,IT,5,21,407.13,105,356.39,996.23,85.2,96.7,low
2020-05-02,R&D,4,27,85.78,116,61.2,199.76,97.6,95.7,low
2020-05-03,HR,5,18,493.73,74,220.28,630.29,100.0,100.0,low
2020-05-04,R&D,5,26,254.4,140,161.03,585.51,99.6,94.6,low
2020-05-05,HR,4,25,125.29,125,102.18,214.82,88.5,96.6,low
2020-05-06,Sales,8,23,138.07,170,135.28,366.6,83.6,87.1,medium
2020-05-07,HR,4,49,210.37,133,205.95,350.36,79.3,86.0,low
2020-05-08,R&D,10,28,200.22,146,244.8,443.83,78.3,66.4,high
2020-05-09,IT,2,34,53.9,25,55.52,123.89,66.9,88.4,low
2020-05-10,Sales,8,38,499.5,74,502.75,1217.74,72.7,83.0,medium
2020-05-10,Sales,7,28,76.65,137,78.15,189.17,75.4,84.5,medium
2020-05-10,HR,4,55,451.47,170,373.9,731.84,83.1,97.1,low
2020-05-11,Sales,1,33,290.71,195,212.51,745.47,91.5,99.0,low
2020-05-12,Sales,5,17,451.85,126,375.98,881.05,84.1,96.6,low
2020-05-13,Operations,11,29,299.69,194,407.62,697.75,63.0,66.8,high
2020-05-14,Marketing,4,25,463.1,191,389.76,946.96,82.5,90.9,low
2020-05-14,R&D,9,49,424.49,195,557.59,1050.42,62.5,72.9,high
2020-05-18,HR,2,37,386.29,16,327.49,485.16,91.9,100.0,low
2020-05-22,Sales,7,40,119.33,194,152.59,265.22,63.0,73.0,high
2020-05-22,HR,4,25,280.41,185,258.17,500.15,81.5,90.9,low
2020-05-23,Sales,6,35,96.0,16,90.71,204.36,81.0,88.0,low
2020-05-23,IT,6,22,121.14,37,120.97,234.77,75.7,85.6,low
2020-05-23,Operations,9,20,68.82,89,77.52,158.73,69.9,76.2,medium
2020-05-23,Sales,10,27,53.69,124,69.67,115.96,68.6,78.2,high
2020-05-24,Marketing,7,29,414.73,43,383.97,877.91,77.4,95.9,medium
2020-05-26,Sales,3,26,476.17,57,309.99,934.92,90.2,100.0,low
2020-05-27,Operations,5,34,277.19,199,251.98,603.37,87.8,90.5,low
2020-05-28,Sales,7,37,405.45,65,464.02,828.41,75.1,78.1,medium
2020-05-29,Marketing,6,48,157.44,179,152.88,306.63,83.1,90.1,low
2020-05-30,Operations,5,27,157.51,41,131.3,452.69,80.0,98.9,low
2020-05-30,IT,8,31,248.34,67,219.24,592.74,80.6,92.4,medium
2020-05-31,Operations,9,39,446.75,187,632.63,992.91,58.5,72.8,high
2020-06-01,Operations,4,22,332.38,103,291.12,790.27,82.9,90.8,low
2020-06-02,Operations,6,9,390.11,80,309.44,1217.41,97.2,89.2,low
2020-06-03,Marketing,4,41,322.4,182,415.26,522.73,62.1,74.7,high
2020-06-05,IT,4,33,442.18,52,606.58,1122.27,65.1,71.7,high
2020-06-06,Finance,4,37,61.83,178,64.69,101.94,71.1,79.0,low
2020-06-08,IT,6,30,65.42,128,55.44,141.26,91.0,92.6,low
2020-06-08,HR,5,29,355.91,26,318.01,438.56,91.6,88.2,low
2020-06-08,Operations,4,37,447.83,66,437.65,1349.95,75.7,95.2,low
2020-06-09,Marketing,2,22,484.08,130,270.65,915.18,100.0,99.4,low
2020-06-09,R&D,2,27,430.95,11,367.5,1005.12,93.5,95.6,low
2020-06-09,R&D,6,11,129.7,72,111.71,366.28,86.5,83.3,low
2020-06-10,Marketing,8,32,192.65,186,207.87,361.96,82.5,83.9,medium
2020-06-11,Operations,7,24,373.63,90,287.74,1030.31,95.6,100.0,medium
2020-06-11,Sales,6,36,336.97,24,381.51,630.34,76.6,71.9,medium
2020-06-13,Operations,8,21,418.24,46,467.88,1066.13,72.1,74.5,medium
2020-06-15,Finance,4,26,295.72,185,274.07,451.94,82.6,84.6,low
2020-06-15,Operations,6,28,54.66,142,55.67,116.85,79.6,82.1,low
2020-06-16,Operations,6,35,392.31,157,404.6,974.65,78.5,88.4,low
2020-06-16,R&D,6,5,126.62,118,93.2,366.86,93.5,91.6,low
2020-06-18,IT,5,38,334.82,128,472.28,951.9,57.6,70.9,high
2020-06-19,R&D,5,30,102.36,171,27.68,315.83,100.0,100.0,low
2020-06-20,Finance,5,32,315.67,43,376.95,622.54,70.9,82.0,medium
2020-06-21,IT,3,39,352.37,72,164.68,1000.36,100.0,100.0,low
2020-06-21,IT,6,36,193.17,153,200.99,478.03,80.3,76.0,low
2020-06-22,Marketing,8,28,318.18,139,288.19,544.68,87.9,80.2,medium
2020-06-24,Sales,8,51,332.29,12,487.25,664.54,55.2,62.7,high
2020-06-25,Finance,4,35,380.13,105,236.83,580.01,96.7,100.0,low
2020-06-26,Operations,4,35,394.4,193,468.07,1196.8,67.8,82.8,medium
2020-06-28,Finance,9,43,169.39,77,221.97,344.3,60.7,74.6,high
2020-06-29,IT,1,20,208.06,37,128.52,464.22,99.9,100.0,low
2020-06-30,R&D,6,28,320.61,78,220.13,827.9,89.7,100.0,low
2020-07-02,Marketing,5,24,333.79,139,513.12,498.56,55.0,61.7,high
2020-07-04,HR,8,18,162.76,115,167.15,255.63,83.9,88.9,medium
2020-07-05,R&D,7,47,336.39,111,324.69,1059.0,84.4,89.4,medium
2020-07-06,Finance,4,24,402.49,86,321.49,790.99,80.7,89.9,low
2020-07-07,R&D,10,47,98.73,137,131.14,302.69,66.2,71.5,high
2020-07-08,Sales,6,35,129.49,169,150.18,306.21,77.9,81.2,medium
2020-07-08,Operations,9,29,379.05,90,433.36,1093.6,78.6,80.4,medium
2020-07-08,Finance,5,29,444.58,35,413.52,713.99,80.2,84.2,low
2020-07-08,Marketing,10,17,383.82,161,347.18,659.89,83.8,86.1,medium
2020-07-08,Marketing,4,23,97.14,45,84.78,187.81,77.1,88.9,low
2020-07-09,Marketing,9,31,57.25,110,66.8,82.27,74.6,73.5,medium
2020-07-09,Sales,5,23,443.84,114,241.87,1058.58,100.0,100.0,low
2020-07-10,HR,9,40,101.1,48,131.66,128.86,66.1,70.9,high
2020-07-10,Finance,7,12,427.89,39,500.04,831.9,73.9,76.4,medium
2020-07-10,HR,3,42,301.38,161,348.85,467.77,80.2,82.7,medium
2020-07-12,HR,5,33,403.03,112,438.55,708.18,79.0,74.8,medium
2020-07-13,IT,12,34,330.53,71,387.97,752.8,80.2,80.1,high
2020-07-14,R&D,5,18,226.3,101,255.4,536.54,69.5,85.9,medium
2020-07-14,R&D,5,57,417.84,157,584.71,1183.55,62.6,76.3,high
2020-07-16,Marketing,5,37,227.52,21,264.39,379.38,69.8,83.4,medium
2020-07-19,Sales,9,31,312.06,187,326.51,589.66,75.2,86.3,medium
2020-07-19,Operations,6,46,489.43,37,598.86,1278.93,59.4,71.4,high
2020-07-19,HR,3,44,460.34,122,569.97,660.15,63.6,79.2,high
2020-07-20,HR,4,21,432.49,51,434.09,559.03,73.8,90.7,low
2020-07-21,Sales,6,65,269.47,111,356.05,548.33,70.1,83.7,high
2020-07-21,HR,3,17,181.12,167,141.08,302.81,86.9,93.0,low
2020-07-22,IT,9,26,443.8,15,320.68,899.78,91.8,96.7,medium
2020-07-24,Operations,3,45,423.35,153,432.11,1093.38,78.3,95.6,low
2020-07-25,Sales,6,46,393.82,11,435.8,764.73,74.2,81.3,medium
2020-07-26,IT,9,18,456.98,56,338.62,1263.7,98.3,86.9,medium
2020-07-31,IT,9,17,226.64,175,266.33,641.1,71.2,62.9,medium
2020-08-02,IT,8,35,313.25,114,370.76,755.96,65.3,86.2,medium
2020-08-02,Marketing,7,25,493.67,35,616.57,866.21,65.5,72.5,high
2020-08-04,Marketing,4,39,458.54,120,417.07,929.14,87.1,95.5,low
2020-08-04,Sales,7,37,169.81,173,184.4,466.05,73.8,83.5,medium
2020-08-04,Sales,4,18,273.45,41,188.25,694.36,99.7,98.1,low
2020-08-05,Finance,7,21,302.89,69,207.46,438.3,91.2,95.9,medium
2020-08-05,Operations,4,29,226.37,122,188.57,673.08,85.2,97.7,low
2020-08-07,IT,9,35,112.05,184,116.93,214.72,85.5,90.9,medium
2020-08-07,R&D,4,15,494.19,59,460.82,1340.03,82.1,91.7,low
2020-08-07,Finance,4,46,152.1,57,84.79,321.73,98.0,100.0,low
2020-08-07,Finance,4,14,81.55,70,80.81,127.84,78.6,86.6,low
2020-08-10,Operations,6,34,125.7,181,146.13,353.32,65.4,84.0,medium
2020-08-10,HR,5,41,446.11,69,549.34,719.01,66.6,76.5,high
2020-08-12,Operations,11,32,115.26,172,164.93,286.21,53.2,56.3,high
2020-08-12,Finance,7,24,178.41,163,169.86,298.47,83.0,84.0,medium
2020-08-12,IT,4,50,125.18,30,141.49,308.31,66.8,79.1,medium
2020-08-13,Operations,5,48,392.3,27,437.39,1125.72,70.5,84.5,medium
2020-08-14,Finance,5,31,78.42,88,87.09,117.09,74.6,88.4,medium
2020-08-14,IT,5,17,284.37,117,268.93,795.08,86.2,87.1,low
2020-08-16,Finance,7,33,253.13,87,287.1,491.2,71.6,71.1,medium
2020-08-17,Finance,4,37,472.44,158,479.29,692.4,86.4,88.0,low
2020-08-17,Sales,5,53,179.4,49,186.87,339.09,74.8,84.6,low
2020-08-18,Sales,5,46,118.48,114,138.15,234.79,69.6,73.9,medium
2020-08-18,Operations,4,32,349.3,165,415.87,864.38,69.3,81.8,medium
2020-08-18,IT,8,34,453.41,112,497.51,950.04,67.9,84.8,medium
2020-08-20,Operations,7,21,181.73,39,187.45,516.69,93.6,83.2,medium
2020-08-20,HR,6,25,150.59,122,126.46,252.12,88.4,93.5,low
2020-08-20,Sales,5,31,274.87,115,212.05,541.31,88.2,100.0,low
2020-08-20,Operations,6,20,68.62,25,75.8,205.94,74.4,83.4,medium
2020-08-21,Sales,9,20,303.36,42,342.87,678.39,78.9,70.0,medium
2020-08-22,IT,6,26,472.6,192,532.62,1232.47,66.9,74.8,medium
2020-08-24,Marketing,4,26,52.67,27,19.45,88.8,100.0,100.0,low
2020-08-28,Marketing,6,48,241.95,41,273.95,389.25,73.5,84.6,medium
2020-08-29,R&D,9,20,293.52,164,423.17,677.36,52.2,57.4,high
2020-08-29,Sales,3,20,251.97,79,115.8,664.92,95.5,100.0,low
2020-08-30,HR,9,35,71.78,121,72.81,125.27,71.1,81.5,medium
2020-08-31,Sales,7,20,393.16,120,362.64,1005.65,69.8,80.6,medium
2020-09-02,Operations,7,44,156.57,76,182.57,333.23,70.9,76.4,medium
2020-09-03,Marketing,5,33,78.3,94,95.45,151.12,63.1,75.6,high
2020-09-03,Operations,6,56,388.76,15,435.67,914.34,74.0,84.7,medium
2020-09-07,Sales,7,36,89.82,143,99.06,194.07,71.9,81.1,medium
2020-09-08,Sales,3,20,498.71,120,418.33,995.21,88.5,97.7,low
2020-09-08,Operations,3,21,169.65,167,89.6,507.04,100.0,100.0,low
2020-09-09,Finance,6,39,229.28,182,200.75,336.4,95.8,94.1,low
2020-09-09,Finance,7,24,339.66,115,301.67,554.88,88.4,89.3,medium
2020-09-09,Operations,7,19,102.67,71,99.77,271.97,81.7,84.6,medium
2020-09-09,HR,4,28,357.75,156,264.96,510.14,98.5,100.0,low
2020-09-09,Sales,5,34,211.95,175,194.56,429.23,76.6,93.9,low
2020-09-10,Sales,5,37,479.34,143,301.42,1172.43,100.0,100.0,low
2020-09-10,IT,9,21,78.62,128,92.34,207.46,76.2,78.8,medium
2020-09-10,Sales,3,33,219.29,67,125.64,571.78,100.0,100.0,low
2020-09-12,HR,5,36,407.85,131,391.8,611.44,82.8,87.0,low
2020-09-12,Operations,4,21,279.15,33,198.18,622.21,97.5,100.0,low
2020-09-14,Finance,7,27,359.7,53,403.73,748.26,75.7,82.3,medium
2020-09-15,Marketing,5,25,428.47,120,289.8,611.3,94.1,98.7,low
2020-09-15,R&D,4,25,417.13,25,450.45,1297.04,79.9,88.6,medium
2020-09-19,Operations,6,46,268.31,185,325.48,703.22,76.3,70.1,high
2020-09-20,HR,5,32,462.56,139,622.37,834.14,66.1,73.6,high
2020-09-21,Operations,7,39,95.93,125,88.25,226.8,81.7,82.3,medium
2020-09-24,Operations,7,23,128.62,31,148.45,334.37,71.2,79.5,medium
2020-09-24,HR,4,23,289.46,17,309.84,477.78,78.8,87.7,medium
2020-09-25,Sales,5,26,128.59,184,134.3,278.64,73.9,84.4,low
2020-09-26,Sales,5,16,424.62,34,342.22,1110.02,93.6,90.2,low
2020-09-27,Sales,6,25,158.12,168,162.8,294.01,77.4,75.4,low
2020-09-27,Operations,4,33,79.91,161,79.53,243.95,82.0,85.0,low
2020-09-28,IT,5,23,210.6,154,191.55,584.61,76.8,84.8,low
2020-09-29,Marketing,7,40,426.24,137,643.08,772.08,61.1,65.7,high
2020-09-30,Operations,8,39,331.78,105,466.89,905.14,57.9,70.9,high
2020-10-03,IT,9,20,455.3,159,473.15,1257.02,83.3,77.9,medium
2020-10-03,HR,3,16,266.33,90,166.12,479.48,95.0,100.0,low
2020-10-03,Finance,5,26,99.95,193,86.69,209.13,82.9,92.2,low
2020-10-03,Finance,3,34,270.42,146,139.83,522.61,100.0,100.0,low
2020-10-05,IT,7,16,435.95,66,319.75,846.9,99.3,97.7,medium
2020-10-06,Finance,3,7,198.19,177,186.41,336.36,91.1,82.3,low
2020-10-06,IT,6,43,202.62,17,158.53,478.31,85.1,90.2,low
2020-10-09,HR,1,26,347.76,189,200.6,613.35,93.9,100.0,low
2020-10-09,R&D,3,41,63.85,15,72.57,142.31,85.8,72.0,medium
2020-10-10,Marketing,4,41,386.57,39,447.34,598.63,68.8,86.8,medium
2020-10-11,HR,8,28,146.8,38,205.24,216.78,54.0,71.3,high
2020-10-11,Finance,3,39,461.51,122,442.4,962.21,80.6,94.0,low
2020-10-14,HR,5,37,388.77,28,392.19,498.22,84.9,85.1,low
2020-10-15,Marketing,6,27,493.23,104,574.92,726.11,76.3,86.2,medium
2020-10-15,IT,6,44,344.55,199,472.68,804.73,60.0,82.8,high
2020-10-20,IT,5,32,216.34,158,203.42,460.26,80.1,85.9,low
2020-10-22,Finance,8,27,392.57,151,415.65,776.74,79.2,79.7,medium
2020-10-24,R&D,7,20,227.66,44,192.56,589.2,92.9,89.7,medium
2020-10-27,R&D,6,22,174.65,34,132.44,505.49,90.7,94.7,low
2020-10-28,Marketing,9,26,397.21,97,374.05,753.51,84.3,88.2,medium
2020-10-28,Marketing,3,51,319.39,126,275.68,514.85,91.8,94.5,low
2020-10-30,Finance,3,32,61.46,173,49.29,124.65,84.8,97.2,low
2020-10-31,R&D,8,36,75.05,177,72.05,234.07,84.0,93.6,medium
2020-10-31,Sales,6,34,375.62,170,421.2,841.79,66.9,75.5,medium
2020-11-04,Sales,5,14,133.09,47,119.58,285.26,88.1,87.3,low
2020-11-09,IT,3,24,426.0,182,338.2,1116.13,86.4,88.7,low
2020-11-09,Operations,11,12,107.02,17,152.36,316.15,56.2,64.4,high
2020-11-11,Marketing,10,38,485.54,79,731.89,856.69,54.5,69.9,high
2020-11-11,Finance,8,36,130.4,41,100.72,193.67,98.1,100.0,medium
2020-11-13,Sales,6,40,210.86,162,237.12,582.73,78.8,85.4,medium
2020-11-16,IT,8,25,402.5,38,394.1,1016.09,87.9,93.4,medium
2020-11-18,IT,4,33,332.4,48,174.1,800.72,100.0,100.0,low
2020-11-18,Sales,4,29,393.95,130,284.71,1083.6,98.6,85.1,low
2020-11-20,Marketing,7,24,398.14,114,308.29,774.97,92.5,97.8,medium
2020-11-21,Sales,3,31,425.35,110,262.83,1009.6,100.0,100.0,low
2020-11-22,Marketing,4,35,148.54,175,96.0,238.52,100.0,99.8,low
2020-11-25,Marketing,1,25,170.87,117,154.05,318.5,87.1,95.2,low
2020-11-26,R&D,5,22,337.98,75,193.52,914.56,100.0,100.0,low
2020-11-26,R&D,6,26,485.89,135,589.37,1413.76,68.7,82.3,high
2020-12-01,Finance,5,30,365.88,139,360.32,753.91,82.2,80.1,low
2020-12-03,R&D,2,5,438.6,109,240.85,1001.22,99.4,100.0,low
2020-12-03,Marketing,7,29,467.24,86,574.4,907.37,79.0,72.4,high
2020-12-03,Marketing,5,50,124.69,105,150.09,241.68,76.3,76.6,high
2020-12-04,HR,8,37,189.68,86,208.04,231.94,66.2,85.2,medium
2020-12-05,Operations,8,21,292.16,196,343.21,735.26,69.2,73.9,medium
2020-12-05,R&D,6,38,288.45,87,208.06,721.84,96.5,97.1,low
2020-12-06,R&D,10,18,403.23,84,465.26,1262.55,63.4,74.9,medium
2020-12-07,Marketing,6,25,385.64,99,281.03,584.83,85.8,98.4,low
2020-12-07,IT,6,24,300.62,195,299.72,807.24,84.6,81.0,low
2020-12-07,IT,11,28,420.88,100,418.14,897.05,76.0,84.1,high
2020-12-09,R&D,7,16,136.33,164,133.34,353.64,83.4,89.6,medium
2020-12-09,R&D,5,30,294.59,148,267.34,760.03,90.5,92.3,low
2020-12-11,Finance,7,31,490.3,93,562.46,819.41,72.7,85.6,medium
2020-12-11,HR,5,28,264.23,180,242.87,366.7,82.7,92.7,low
2020-12-11,Finance,6,30,454.47,84,464.72,938.57,74.3,78.7,low
2020-12-11,IT,5,19,289.17,188,171.84,608.19,100.0,100.0,low
2020-12-13,Operations,8,34,232.97,56,268.24,600.81,79.2,74.6,medium
2020-12-13,R&D,3,30,235.94,146,213.44,652.76,88.3,94.7,low
2020-12-13,IT,6,25,168.16,54,128.88,392.02,90.5,100.0,low
2020-12-14,Operations,4,36,205.46,40,207.25,609.7,74.1,83.0,low
2020-12-14,HR,4,18,99.98,122,126.61,179.53,76.2,86.9,high
2020-12-15,Marketing,5,50,210.3,90,316.2,444.79,49.4,74.0,high
2020-12-19,Finance,5,31,343.68,126,366.45,500.34,65.4,84.3,medium
2020-12-22,R&D,10,13,411.64,27,508.92,1062.9,67.1,78.7,high
2020-12-23,Marketing,6,28,372.64,137,273.71,635.4,88.4,93.3,low
2020-12-24,HR,1,40,411.15,100,310.6,532.95,79.6,94.8,low
2020-12-26,Finance,4,23,142.71,89,114.97,296.23,83.9,89.5,low
2020-12-30,HR,6,37,193.21,116,227.21,272.79,69.7,81.1,medium
2020-12-30,Sales,7,27,122.14,118,126.53,260.44,87.0,84.3,medium
2021-01-01,Sales,6,33,182.19,146,201.33,356.63,79.3,81.1,medium
2021-01-01,Finance,5,24,285.21,112,303.84,548.82,78.3,88.2,medium
2021-01-03,Marketing,5,37,174.25,144,253.57,352.49,58.5,74.7,high
2021-01-03,Marketing,5,29,231.96,173,221.99,462.27,79.3,88.8,low
2021-01-04,HR,4,9,431.96,140,251.15,720.77,100.0,100.0,low
2021-01-07,Operations,6,43,106.92,25,106.27,312.94,88.1,85.2,low
2021-01-07,IT,5,26,468.44,26,455.95,904.73,83.3,86.2,low
2021-01-07,Finance,6,42,390.83,54,304.32,802.52,100.0,87.6,low
2021-01-07,HR,7,25,458.43,59,565.26,564.04,72.2,79.4,high
2021-01-08,Marketing,6,21,238.72,77,275.23,455.32,70.9,78.7,medium
2021-01-09,R&D,8,20,176.76,97,109.47,462.37,97.2,99.8,medium
2021-01-10,Marketing,5,24,241.17,41,171.69,450.21,99.2,87.5,low
2021-01-11,Sales,7,42,380.35,23,502.67,801.83,71.7,68.4,high
2021-01-13,Finance,5,37,189.38,96,187.34,332.53,79.2,86.1,low
2021-01-14,IT,8,48,303.27,149,422.71,609.82,58.4,66.8,high
2021-01-14,Marketing,5,22,170.75,17,216.65,265.99,64.0,75.4,high
2021-01-18,HR,6,35,459.9,25,324.06,740.39,97.0,91.9,low
2021-01-19,Marketing,4,33,381.56,191,463.33,762.67,64.5,85.6,high
2021-01-19,HR,10,38,480.14,190,505.69,691.14,82.8,77.7,medium
2021-01-20,Operations,5,33,366.92,189,369.8,1142.9,83.0,89.1,low
2021-01-20,HR,6,21,499.69,199,543.47,810.84,72.5,85.8,medium
2021-01-20,HR,7,35,66.43,73,103.43,113.25,58.7,62.9,high
2021-01-21,Operations,5,25,170.61,197,131.73,534.0,93.2,90.9,low
2021-01-21,R&D,9,37,118.87,86,141.99,281.37,72.2,69.6,medium
2021-01-22,Operations,7,29,261.67,64,317.1,585.41,69.0,68.2,high
2021-01-22,IT,8,25,366.76,197,332.82,780.7,89.6,89.8,medium
2021-01-24,Operations,9,23,324.19,101,329.58,887.35,84.9,84.2,medium
2021-01-24,Marketing,5,31,395.02,99,358.35,769.1,84.2,87.0,low
2021-01-26,IT,5,34,474.17,19,397.82,1036.82,89.8,86.9,low
2021-01-26,IT,5,21,167.03,147,222.56,341.72,67.7,70.3,high
2021-01-27,Finance,6,31,62.53,144,60.49,118.81,84.0,84.4,low
2021-01-27,IT,5,19,191.32,54,114.01,422.79,100.0,100.0,low
2021-01-27,HR,5,16,111.53,12,101.25,187.32,81.3,91.0,low
2021-01-27,IT,5,25,238.94,110,177.86,472.67,91.0,92.0,low
2021-01-28,Finance,7,31,496.26,75,527.16,1017.18,83.8,75.5,medium
2021-01-30,Operations,6,23,434.31,83,306.12,1279.37,95.8,96.1,low
2021-01-30,IT,4,29,468.74,126,475.87,1326.01,75.5,85.0,low
2021-01-31,Finance,3,26,407.61,13,390.9,853.95,85.2,94.5,low
2021-01-31,HR,6,45,90.55,116,133.58,158.86,61.2,70.7,high
2021-02-01,Finance,2,31,238.78,38,98.41,497.76,100.0,100.0,low
2021-02-01,IT,9,16,242.65,85,250.9,694.71,71.8,77.0,medium
2021-02-01,Finance,9,31,166.33,25,222.98,346.2,58.4,71.2,high
2021-02-03,R&D,3,26,301.92,174,311.36,897.9,69.9,88.9,low
2021-02-04,IT,9,28,269.62,48,271.28,717.69,84.2,82.5,medium
2021-02-04,Marketing,3,15,349.57,94,262.76,623.22,99.2,100.0,low
2021-02-05,R&D,9,48,94.34,57,102.89,240.9,66.9,82.2,medium
2021-02-05,IT,6,31,173.96,117,214.92,446.65,62.3,79.2,high
2021-02-06,HR,4,30,294.15,198,337.27,440.74,73.6,86.8,medium
2021-02-06,HR,7,17,320.62,96,272.55,540.13,86.0,91.6,medium
2021-02-07,Finance,7,31,494.25,155,649.66,1047.36,59.9,79.3,high
2021-02-10,Finance,7,31,391.5,100,341.09,733.72,80.7,86.6,medium
2021-02-10,Marketing,7,36,467.14,68,626.63,893.87,59.0,66.4,high
2021-02-11,IT,4,33,147.34,197,159.55,395.93,76.7,93.3,medium
2021-02-11,Operations,3,19,312.54,49,232.74,958.11,91.4,99.4,low
2021-02-12,IT,8,33,122.89,18,140.69,309.32,74.2,76.8,medium
2021-02-14,Marketing,5,32,486.21,69,471.7,770.48,88.4,88.3,low
2021-02-16,HR,6,32,243.38,36,275.82,354.68,80.2,79.5,medium
2021-02-17,Finance,9,36,144.92,162,169.33,271.34,72.0,75.1,medium
2021-02-18,HR,6,29,331.32,195,366.71,587.36,81.1,77.0,medium
2021-02-18,R&D,4,35,265.54,189,317.68,729.88,68.6,74.1,medium
2021-02-18,IT,6,41,247.3,113,307.72,554.72,62.6,75.1,high
2021-02-19,Operations,3,18,273.69,54,196.33,667.77,99.3,97.9,low
2021-02-20,Finance,2,19,103.26,190,71.37,181.74,91.3,95.4,low
2021-02-21,Sales,8,26,159.91,67,226.27,308.81,62.0,62.6,high
2021-02-22,Finance,6,12,167.6,110,155.74,311.64,85.5,100.0,low
2021-02-23,Operations,8,37,405.82,115,404.07,977.58,74.7,83.1,medium
2021-02-23,Marketing,7,35,237.67,10,259.61,414.05,80.5,81.5,medium
2021-02-25,Marketing,7,28,338.38,17,220.97,644.32,100.0,93.5,medium
2021-02-25,Marketing,8,36,55.35,142,54.95,94.63,77.0,86.1,medium
2021-03-02,R&D,4,37,433.47,84,657.5,1235.28,57.0,59.8,high
2021-03-03,R&D,11,24,122.27,180,71.44,355.36,96.8,100.0,high
2021-03-07,Sales,6,24,203.4,21,251.15,398.61,65.1,74.6,high
2021-03-10,HR,7,20,101.55,34,79.24,170.2,100.0,85.2,medium
2021-03-11,Finance,11,45,265.74,45,332.26,440.25,56.2,72.3,high
2021-03-13,Finance,9,43,154.96,75,228.35,329.87,66.0,63.5,high
2021-03-14,Operations,4,18,445.73,48,462.97,1379.43,79.5,87.7,low
2021-03-16,Marketing,6,36,104.15,123,127.77,164.47,62.5,75.5,high
2021-03-17,Operations,5,31,478.69,32,348.05,1173.43,94.4,96.1,low
2021-03-17,R&D,6,32,217.64,191,185.69,574.4,90.7,100.0,low
2021-03-19,Operations,4,46,372.36,35,465.84,1072.74,70.7,77.7,high
2021-03-20,Finance,3,41,396.79,111,343.46,830.01,92.4,94.1,low
2021-03-20,Marketing,7,39,411.11,135,510.73,652.0,60.5,72.8,high
2021-03-22,Finance,8,32,98.29,150,118.22,198.02,66.3,76.5,high
2021-03-25,Sales,10,28,250.16,50,288.05,589.98,76.1,76.6,medium
2021-03-26,R&D,10,33,131.54,176,131.41,352.31,86.3,69.8,medium
2021-03-28,Sales,7,41,212.57,147,255.26,409.0,73.8,78.4,high
2021-03-28,R&D,3,34,398.06,35,341.28,935.29,82.8,94.5,low
2021-03-28,Marketing,6,21,280.6,197,247.95,430.28,87.3,86.5,low
2021-03-30,R&D,7,34,275.1,185,360.48,823.54,72.8,76.8,high
2021-03-30,IT,4,12,320.63,188,205.78,892.38,96.3,98.2,low
2021-03-31,Sales,7,47,299.57,27,419.59,762.76,55.3,77.9,high
2021-03-31,R&D,9,42,50.71,33,56.77,130.37,65.8,77.6,medium
2021-03-31,Operations,3,27,101.98,197,94.99,270.5,76.3,92.3,low
2021-04-01,Operations,7,28,188.48,54,271.06,472.6,68.2,63.3,high
2021-04-03,Sales,6,46,437.11,149,373.43,1028.42,98.8,97.1,low
2021-04-04,Finance,9,14,118.83,180,120.83,176.09,76.4,77.1,medium
2021-04-04,Finance,7,27,242.9,90,222.88,414.55,86.5,89.1,medium
2021-04-05,R&D,13,41,454.38,54,667.48,1288.33,56.4,66.2,high
2021-04-05,R&D,4,29,498.5,120,516.61,1629.73,85.1,82.8,low
2021-04-06,Marketing,5,9,285.48,69,151.47,509.36,100.0,100.0,low
2021-04-06,R&D,6,30,354.7,98,173.5,1157.71,98.9,100.0,low
2021-04-08,Marketing,8,20,409.89,53,390.56,792.45,86.3,79.5,medium
2021-04-11,Finance,9,38,327.41,137,397.57,479.68,69.7,78.2,high
2021-04-13,Marketing,4,23,169.52,153,167.92,247.59,79.1,85.8,low
2021-04-14,Operations,7,39,489.84,69,570.26,1439.21,69.6,74.7,medium
2021-04-15,Marketing,7,13,133.44,85,122.53,266.2,87.3,95.0,medium
2021-04-15,Finance,4,19,112.62,50,109.28,184.95,90.4,89.2,low
2021-04-16,Finance,5,36,406.42,18,477.93,862.85,69.5,78.9,medium
2021-04-16,Operations,9,23,351.17,74,518.15,1009.28,57.1,73.8,high
2021-04-17,Sales,2,39,274.8,66,266.78,653.68,78.6,90.2,low
2021-04-17,Marketing,4,27,256.77,21,172.69,470.96,96.7,100.0,low
2021-04-17,HR,9,15,309.64,53,286.3,477.1,77.5,82.8,medium
2021-04-18,IT,9,26,359.32,173,443.3,846.05,65.0,69.6,high
2021-04-18,Operations,5,36,146.41,109,181.84,377.81,60.9,82.2,high
2021-04-19,Marketing,8,36,301.43,25,289.1,551.61,80.7,82.7,medium
2021-04-19,Finance,12,29,323.58,100,438.78,525.38,68.1,64.7,high
2021-04-20,R&D,9,29,261.41,193,354.93,673.66,68.5,72.9,high
2021-04-20,Sales,5,50,62.0,14,78.63,151.19,62.2,73.4,high
2021-04-21,Operations,8,55,309.95,197,424.34,925.81,58.8,65.1,high
2021-04-21,IT,8,47,485.61,179,498.51,957.04,77.4,91.9,medium
2021-04-21,R&D,6,24,167.46,142,140.83,527.11,81.5,93.2,low
2021-04-25,Marketing,4,25,424.44,71,456.8,715.36,80.4,77.3,medium
2021-04-28,R&D,6,38,366.96,95,351.85,924.32,82.1,90.1,low
2021-04-29,R&D,6,29,261.71,52,226.4,831.78,85.4,93.1,low
2021-04-29,Finance,8,30,323.93,69,342.98,605.03,78.2,81.1,medium
2021-05-02,Sales,10,15,374.67,70,424.49,1017.17,77.1,79.3,medium
2021-05-03,R&D,5,31,238.16,56,295.95,678.76,67.4,85.0,high
2021-05-04,IT,7,27,175.31,100,196.34,381.07,68.7,84.8,medium
2021-05-04,Sales,6,23,89.19,28,82.16,237.49,97.0,97.3,low
2021-05-06,Sales,7,40,370.26,10,386.32,803.57,80.6,83.2,medium
2021-05-06,Sales,4,30,263.79,56,234.39,538.79,87.1,81.4,low
2021-05-07,IT,3,19,493.09,173,277.49,1317.25,93.3,100.0,low
2021-05-07,Finance,3,27,364.09,35,334.56,778.52,81.6,86.5,low
2021-05-10,Finance,6,33,144.71,49,148.26,266.57,84.4,78.8,low
2021-05-11,IT,6,58,280.66,111,318.69,702.17,70.6,86.4,medium
2021-05-11,HR,2,19,175.36,54,134.19,269.78,84.6,93.0,low
2021-05-11,Finance,5,30,140.94,78,151.41,217.22,71.0,80.2,medium
2021-05-13,Sales,5,20,407.66,80,499.94,819.47,66.0,71.3,high
2021-05-13,Sales,4,31,73.87,89,52.45,174.76,86.2,100.0,low
2021-05-14,Sales,3,43,98.7,27,129.5,187.49,59.2,81.9,high
2021-05-15,Operations,7,36,366.09,157,317.24,989.72,86.3,88.6,medium
2021-05-16,R&D,8,29,151.21,77,196.56,411.96,56.9,67.3,high
2021-05-17,Sales,6,6,358.52,12,293.56,767.09,83.3,94.9,low
2021-05-17,IT,10,23,270.5,58,411.62,680.3,50.9,62.4,high
2021-05-18,Operations,3,13,365.34,184,188.82,963.76,99.8,100.0,low
2021-05-19,R&D,7,33,106.72,37,97.78,302.44,77.1,79.8,medium
2021-05-19,Marketing,4,36,206.61,121,223.78,316.27,70.2,85.1,medium
2021-05-20,Marketing,6,26,225.51,22,168.33,358.58,82.7,91.9,low
2021-05-20,R&D,4,28,53.72,15,48.2,123.05,78.8,89.1,low
2021-05-20,Finance,6,42,397.21,88,365.44,719.2,78.7,93.3,low
2021-05-22,IT,7,40,280.49,86,312.66,592.05,61.7,72.5,medium
2021-05-23,R&D,5,18,203.31,109,154.15,509.85,97.0,100.0,low
2021-05-24,Operations,7,12,139.39,81,97.49,307.34,91.3,100.0,medium
2021-05-24,Sales,4,39,237.06,168,272.56,570.47,76.1,87.1,medium
2021-05-25,IT,4,45,300.07,38,201.13,670.83,93.6,100.0,low
2021-05-25,Sales,3,35,200.08,92,268.67,451.63,56.3,73.2,high
2021-05-25,Marketing,6,12,123.63,25,113.31,194.6,86.6,91.3,low
2021-05-25,IT,6,19,280.17,47,216.72,555.51,88.8,92.3,low
2021-05-26,Finance,8,36,184.53,62,277.9,354.35,60.6,66.0,high
2021-05-26,HR,6,35,163.94,134,146.0,206.95,73.0,80.4,low
2021-05-27,Finance,7,22,202.39,100,217.74,327.97,73.2,82.7,medium
2021-05-27,Sales,6,23,488.61,148,492.36,1100.28,77.5,85.5,low
2021-05-30,R&D,7,24,237.94,85,215.63,596.66,83.8,86.8,medium
2021-05-30,R&D,7,16,255.03,85,163.27,624.18,96.2,100.0,medium
2021-05-31,IT,5,14,133.41,46,165.84,347.58,69.1,82.5,high
2021-06-01,Finance,7,31,430.9,141,348.43,673.89,87.3,90.9,medium
2021-06-02,IT,8,38,290.27,151,320.61,742.44,73.5,74.2,medium
2021-06-04,R&D,5,11,238.97,124,126.44,534.9,100.0,100.0,low
2021-06-05,Operations,5,27,241.5,82,173.04,704.98,94.4,100.0,low
2021-06-08,Finance,11,30,214.09,52,256.81,371.54,62.9,73.8,high
2021-06-08,HR,6,32,77.7,181,91.46,134.06,76.0,77.2,medium
2021-06-08,R&D,8,32,465.32,180,405.37,1347.12,80.8,83.0,medium
2021-06-09,R&D,5,29,408.88,106,415.19,1160.76,87.8,87.5,low
2021-06-14,Marketing,14,19,71.51,150,116.15,136.97,52.5,59.6,high
2021-06-15,IT,4,44,165.24,24,102.63,443.03,100.0,100.0,low
2021-06-21,Operations,6,44,237.51,172,279.28,505.1,70.7,91.6,medium
2021-06-23,Sales,4,20,403.84,33,233.79,817.59,99.3,100.0,low
2021-06-24,IT,8,40,212.07,142,274.51,432.16,74.4,75.0,high
2021-06-28,Marketing,9,15,71.3,128,43.38,139.13,99.4,96.3,medium
2021-06-30,R&D,6,23,381.49,18,442.08,1179.07,67.9,80.6,medium
2021-06-30,IT,5,19,428.42,93,346.75,1113.84,96.1,87.8,low
2021-06-30,Finance,5,38,60.15,122,60.83,92.27,77.4,69.4,low
2021-07-01,Operations,3,45,473.73,10,495.46,1040.4,70.1,92.4,low
2021-07-04,Finance,8,20,187.7,101,172.16,341.26,90.1,86.5,medium
2021-07-04,Finance,4,30,136.42,12,117.25,291.12,95.4,97.4,low
2021-07-07,Finance,6,26,88.89,111,62.91,133.87,87.0,84.4,low
2021-07-09,Marketing,5,22,363.94,171,248.5,588.22,94.4,97.0,low
2021-07-09,Marketing,10,46,346.75,81,451.93,668.48,62.6,73.4,high
2021-07-09,R&D,8,38,215.15,17,272.05,639.9,65.1,66.5,high
2021-07-09,R&D,4,42,51.7,66,48.44,159.31,84.0,90.1,low
2021-07-10,IT,8,32,210.41,57,304.68,529.89,53.7,72.2,high
2021-07-11,Sales,10,33,470.66,35,579.34,1208.55,67.5,80.3,high
2021-07-13,Operations,3,30,343.85,19,373.89,1066.3,67.8,94.3,medium
2021-07-14,Finance,8,26,200.9,155,221.43,338.83,77.1,75.5,medium
2021-07-15,IT,7,31,366.39,113,416.98,805.05,73.4,84.6,medium
2021-07-16,Finance,4,24,483.04,59,570.99,848.87,64.3,79.0,medium
2021-07-16,Finance,7,22,176.97,83,200.01,344.13,74.6,80.0,medium
2021-07-17,Finance,5,49,249.79,25,293.75,534.26,66.8,77.9,medium
2021-07-17,HR,4,25,112.68,58,114.88,165.85,70.2,82.7,low
2021-07-17,IT,5,31,416.44,139,373.22,1117.86,89.4,91.6,low
2021-07-18,R&D,3,48,411.24,73,442.46,1258.99,71.0,80.3,medium
2021-07-18,Finance,8,34,360.16,141,395.65,736.33,83.6,79.9,medium
2021-07-19,Sales,6,33,236.52,165,172.69,571.41,97.2,99.6,low
2021-07-19,Operations,5,43,486.3,165,562.49,1352.9,79.7,72.2,medium
2021-07-19,R&D,6,26,399.19,161,393.85,1285.63,79.9,79.0,low
2021-07-19,Marketing,6,35,267.62,124,332.13,392.98,64.7,73.5,high
2021-07-20,Operations,5,40,270.37,175,308.0,633.68,74.4,79.8,medium
2021-07-22,Finance,5,28,330.75,60,230.36,524.11,85.6,87.5,low
2021-07-23,Marketing,6,34,402.76,53,499.4,763.65,68.5,77.5,high
2021-07-23,Sales,5,35,121.02,185,131.32,225.97,74.0,78.6,medium
2021-07-25,HR,13,32,482.46,87,623.46,733.93,68.2,71.3,high
2021-07-25,Finance,3,24,119.22,117,89.94,196.98,94.3,100.0,low
2021-07-27,IT,3,38,123.25,127,70.61,301.09,96.6,100.0,low
2021-07-27,Sales,8,41,289.71,12,237.76,652.8,77.2,84.3,medium
2021-07-28,R&D,4,10,440.36,142,259.16,1108.43,100.0,99.9,low
2021-07-28,Operations,5,28,323.58,83,300.03,913.74,87.1,90.8,low
2021-07-30,Finance,5,18,122.72,143,130.97,237.78,78.9,80.9,medium
2021-07-31,Marketing,7,15,267.53,46,362.61,438.51,58.5,75.0,high
2021-08-02,Marketing,4,31,78.74,74,55.77,158.43,83.3,93.7,low
2021-08-03,R&D,12,34,142.72,187,143.09,356.44,79.0,86.2,high
2021-08-09,Finance,4,45,322.79,106,381.68,550.02,71.2,88.2,medium
2021-08-10,Marketing,7,20,355.66,163,173.21,564.45,100.0,100.0,medium
2021-08-15,IT,6,31,294.32,76,289.27,634.47,91.0,84.5,low
2021-08-16,Operations,6,35,260.31,129,314.81,685.36,81.5,79.2,high
2021-08-18,Sales,6,32,70.3,80,70.07,176.86,80.2,83.6,low
2021-08-23,HR,9,25,276.02,161,278.35,485.71,82.6,92.0,medium
2021-08-23,IT,6,17,342.86,126,304.17,952.51,84.2,98.9,low
2021-08-24,Operations,3,24,176.68,146,181.67,429.71,73.3,88.5,low
2021-08-26,Finance,7,39,202.34,87,276.93,327.26,66.8,69.7,high
2021-08-27,Marketing,5,32,215.64,109,172.7,325.51,94.1,90.3,low
2021-08-29,HR,9,45,327.57,66,515.76,431.2,41.7,67.6,high
2021-08-29,IT,5,27,415.39,128,329.37,946.41,90.7,90.3,low
2021-08-30,IT,6,46,357.73,141,429.27,880.55,65.7,75.2,medium
2021-08-30,Marketing,4,29,168.08,87,201.3,354.34,67.8,81.8,medium
2021-08-31,Marketing,6,33,368.55,119,455.37,634.76,61.5,82.6,high
2021-08-31,HR,8,19,430.03,87,540.99,676.02,65.2,72.7,high
2021-09-01,Operations,5,25,456.29,119,523.06,1307.17,71.6,86.4,medium
2021-09-02,IT,8,17,479.0,84,475.05,1255.23,78.5,89.2,medium
2021-09-03,HR,4,39,331.26,102,308.87,583.5,80.0,90.7,low
2021-09-03,IT,5,10,337.25,72,256.71,954.38,90.5,100.0,low
2021-09-04,Sales,7,34,150.92,30,221.08,288.65,51.6,76.7,high
2021-09-04,R&D,4,37,301.63,20,368.31,834.51,63.4,78.3,high
2021-09-04,Marketing,8,35,458.52,62,519.86,800.36,83.1,86.3,medium
2021-09-04,Operations,9,38,346.7,142,356.61,910.13,72.8,84.2,medium
2021-09-06,Sales,2,37,391.24,199,344.76,1025.75,83.5,94.4,low
2021-09-08,Finance,8,30,59.78,118,50.09,101.77,85.2,91.5,medium
2021-09-11,Sales,4,29,407.05,167,355.15,857.56,80.2,90.9,low
2021-09-11,HR,5,18,269.41,15,335.84,458.14,57.3,74.7,high
2021-09-15,Operations,9,26,469.0,82,504.48,1236.8,85.3,80.4,medium
2021-09-16,Operations,5,18,182.28,16,218.64,548.09,73.6,76.7,medium
2021-09-16,IT,3,36,285.69,179,206.91,605.91,92.3,96.7,low
2021-09-17,Operations,5,41,335.34,114,402.84,1014.78,65.2,75.1,high
2021-09-17,HR,8,34,298.47,172,267.85,406.65,83.6,87.4,medium
2021-09-19,Finance,3,29,189.24,102,166.88,382.07,94.6,87.0,low
2021-09-19,Sales,7,51,436.7,17,384.2,1068.34,84.1,88.7,medium
2021-09-24,IT,3,44,107.41,45,109.99,232.43,85.4,93.4,low
2021-09-25,IT,5,10,482.41,74,216.53,1029.77,100.0,100.0,low
2021-09-25,Marketing,5,38,114.85,129,119.84,214.17,80.4,82.6,low
2021-09-25,HR,4,16,425.36,135,287.53,633.85,97.1,100.0,low
2021-09-27,Operations,9,25,184.19,138,197.16,494.37,74.0,79.6,medium
2021-09-29,Marketing,5,27,189.87,70,162.4,366.41,84.4,90.1,low
2021-09-29,Marketing,6,14,437.95,55,333.45,819.85,88.2,100.0,low
2021-09-29,HR,9,46,344.95,120,413.18,609.31,73.2,77.6,medium
2021-09-30,R&D,12,27,349.98,77,588.03,1078.74,46.4,47.4,high
2021-10-01,HR,6,15,146.18,143,136.57,259.56,80.7,100.0,low
2021-10-01,Operations,7,22,92.71,93,73.85,228.88,91.8,93.9,medium
2021-10-01,Marketing,8,25,273.38,62,286.23,547.3,77.2,75.2,medium
2021-10-02,Operations,6,20,58.79,125,55.4,138.8,85.0,86.1,low
2021-10-02,Sales,8,31,233.48,165,173.44,439.83,91.2,100.0,medium
2021-10-03,IT,11,42,412.09,131,621.65,1033.12,54.4,65.3,high
2021-10-04,Sales,3,26,285.16,63,185.07,639.47,91.8,94.0,low
2021-10-07,Sales,4,5,407.23,57,375.97,910.54,88.0,88.7,low
2021-10-08,Marketing,7,27,499.87,38,557.35,791.89,70.2,79.3,medium
2021-10-09,IT,4,25,345.25,150,402.75,854.01,78.4,71.1,medium
2021-10-09,IT,4,25,377.47,176,257.17,791.51,97.8,100.0,low
2021-10-09,Operations,2,28,245.6,149,218.77,676.8,90.3,99.2,low
2021-10-10,R&D,5,20,481.83,19,587.28,1274.37,71.0,75.6,high
2021-10-13,Sales,4,35,149.49,181,206.91,313.28,56.2,68.8,high
2021-10-14,Marketing,5,14,256.77,57,210.83,540.73,95.6,100.0,low
2021-10-14,Sales,7,39,64.11,136,72.47,151.89,77.8,90.2,medium
2021-10-15,Sales,7,29,53.76,32,43.77,143.85,92.3,92.0,medium
2021-10-16,IT,7,22,404.14,29,460.31,900.62,78.7,81.0,medium
2021-10-17,Marketing,7,18,483.97,109,275.75,897.7,97.4,100.0,medium
2021-10-17,Sales,6,23,281.07,10,287.26,636.02,88.5,87.2,low
2021-10-17,Sales,4,40,227.97,12,209.35,468.51,79.5,89.4,low
2021-10-18,Finance,7,29,469.99,66,382.33,701.65,88.6,87.2,medium
2021-10-18,Finance,5,26,474.01,23,546.49,994.81,78.1,75.7,medium
2021-10-19,Sales,6,31,290.8,80,275.72,646.47,83.9,86.9,low
2021-10-20,R&D,5,43,73.35,44,73.4,208.47,78.9,82.2,low
2021-10-20,R&D,3,39,359.32,73,302.84,827.49,86.1,91.4,low
2021-10-20,Finance,8,20,382.82,150,519.04,758.99,70.4,80.8,high
2021-10-20,HR,7,23,116.78,49,130.35,144.37,67.0,81.0,medium
2021-10-20,Finance,10,34,251.77,26,265.44,376.46,83.6,79.5,medium
2021-10-21,Marketing,4,25,424.29,87,426.14,676.44,80.9,85.6,low
2021-10-21,Finance,4,17,243.72,86,211.47,485.4,85.2,90.8,low
2021-10-23,Marketing,8,36,97.43,46,87.59,154.76,79.2,98.5,medium
2021-10-24,Operations,4,40,415.32,87,332.81,1181.27,87.3,96.4,low
2021-10-24,Finance,3,41,284.87,90,272.16,554.58,80.8,84.2,low
2021-10-25,Sales,6,32,93.46,190,136.22,236.36,63.7,71.3,high
2021-10-25,Sales,8,25,474.9,74,473.87,1303.56,70.7,85.0,medium
2021-10-25,Operations,6,39,179.69,158,196.56,388.58,78.8,81.9,medium
2021-10-25,Finance,7,41,127.34,77,163.5,215.25,66.8,77.4,high
2021-10-26,Marketing,10,37,497.55,30,390.53,817.64,83.5,100.0,medium
2021-10-29,R&D,2,27,413.24,39,161.27,1159.48,100.0,100.0,low
2021-10-31,Finance,5,22,104.35,31,118.88,219.32,80.9,90.1,medium
2021-10-31,HR,9,37,276.28,161,398.09,403.96,60.2,65.7,high
2021-11-02,Operations,6,15,231.22,29,254.34,654.9,77.1,71.6,medium
2021-11-02,IT,9,18,484.43,99,457.78,1042.34,84.6,90.9,medium
2021-11-02,Marketing,7,22,318.43,125,301.31,476.89,79.7,86.9,medium
2021-11-03,IT,8,35,237.47,75,287.15,648.56,63.8,80.5,high
2021-11-05,IT,7,22,314.46,190,290.87,667.39,97.7,85.7,medium
2021-11-05,HR,7,28,218.27,146,228.53,285.87,77.0,85.5,medium
2021-11-06,R&D,5,36,244.56,54,194.21,637.62,91.1,100.0,low
2021-11-06,IT,8,43,164.66,87,186.29,444.6,78.4,76.4,medium
2021-11-06,Marketing,7,23,275.65,31,293.59,476.19,78.6,76.8,medium
2021-11-07,HR,5,36,79.65,40,72.63,133.39,80.3,88.9,low
2021-11-11,Sales,7,44,424.82,20,454.7,1087.63,81.9,84.7,medium
2021-11-12,IT,2,22,106.21,75,73.47,236.07,98.9,98.8,low
2021-11-12,R&D,2,22,366.33,177,243.56,1161.96,86.6,100.0,low
2021-11-12,IT,8,26,140.37,102,158.43,358.49,74.4,75.7,medium
2021-11-12,Operations,5,24,168.58,93,184.84,521.0,68.1,79.0,medium
2021-11-14,Finance,5,35,210.48,40,267.24,343.59,69.8,77.0,high
2021-11-14,R&D,7,32,79.83,49,92.73,219.92,72.7,82.4,medium
2021-11-14,Marketing,4,31,188.98,147,189.58,311.42,81.5,83.3,low
2021-11-15,IT,7,23,334.12,63,373.32,835.83,77.6,91.9,medium
2021-11-15,Operations,4,32,181.6,44,171.71,534.08,81.2,94.7,low
2021-11-16,HR,1,22,202.55,140,170.78,343.93,85.5,95.3,low
2021-11-17,IT,4,30,94.13,124,119.62,202.19,65.1,78.4,high
2021-11-18,R&D,5,21,241.11,50,153.74,643.58,95.4,100.0,low
2021-11-19,HR,9,42,181.67,175,213.74,291.14,74.6,79.3,medium
2021-11-20,Finance,4,28,405.85,128,316.68,678.63,92.2,95.5,low
2021-11-21,IT,7,21,360.37,75,317.32,984.61,94.2,97.4,medium
2021-11-21,R&D,3,21,473.51,80,323.06,1349.87,94.2,96.2,low
2021-11-22,Finance,6,31,85.63,124,55.07,166.12,98.0,100.0,low
2021-11-22,IT,6,38,424.71,69,313.34,1156.19,90.0,90.0,low
2021-11-23,HR,3,41,339.75,183,335.91,570.79,80.9,83.4,low
2021-11-25,Operations,8,35,468.66,150,540.53,1325.04,67.4,75.7,medium
2021-11-27,R&D,5,33,169.77,23,123.19,506.7,93.9,97.6,low
2021-11-28,HR,6,25,198.86,102,143.0,337.5,89.1,100.0,low
2021-11-28,IT,4,31,239.03,82,134.25,680.21,100.0,100.0,low
2021-11-29,Sales,4,41,386.48,115,372.21,902.88,75.9,87.8,low
2021-11-29,R&D,8,29,435.74,63,566.9,1116.63,70.0,71.8,high
2021-11-29,R&D,10,35,190.71,18,222.57,617.93,72.8,80.5,medium
2021-11-30,Finance,5,19,55.59,91,55.6,115.55,82.3,81.3,low
2021-11-30,HR,4,30,123.6,36,131.4,153.92,63.4,85.7,medium
2021-12-01,Marketing,7,33,393.92,81,524.03,645.41,60.3,65.2,high
2021-12-02,Finance,6,40,397.58,75,438.62,742.86,75.2,87.2,medium
2021-12-03,R&D,9,19,211.02,196,174.75,466.79,87.4,91.7,medium
2021-12-04,Sales,7,24,377.2,195,346.94,894.63,85.7,88.9,medium
2021-12-04,Sales,6,15,354.86,65,363.57,956.14,78.7,77.1,low
2021-12-06,R&D,4,33,353.33,177,331.62,832.77,85.3,92.3,low
2021-12-09,Marketing,4,33,486.07,198,442.32,737.26,82.7,77.9,low
2021-12-10,Sales,9,28,50.61,78,54.92,110.84,80.2,80.1,medium
2021-12-10,R&D,9,19,430.57,129,564.25,1335.43,69.3,71.9,high
2021-12-11,Marketing,6,33,211.17,22,153.39,317.77,100.0,90.3,low
2021-12-14,Operations,3,56,470.59,188,519.01,1038.21,78.7,82.8,medium
2021-12-18,IT,4,26,103.92,195,98.91,231.49,78.7,82.4,low
2021-12-20,Sales,7,26,277.74,123,290.26,733.77,82.0,83.6,medium
2021-12-20,Marketing,4,29,449.48,169,321.52,913.45,91.3,97.6,low
2021-12-24,R&D,6,43,175.04,139,227.95,511.32,62.2,78.9,high
2021-12-25,HR,6,31,479.86,62,531.88,842.14,84.3,82.3,medium
2021-12-26,Operations,6,39,483.82,103,282.48,1235.25,100.0,100.0,low
2021-12-27,IT,5,33,273.49,190,280.26,534.27,85.5,89.5,low
2021-12-27,IT,8,30,204.83,187,172.12,482.54,87.8,92.2,medium
2021-12-27,IT,3,21,95.57,151,84.12,195.26,75.5,86.1,low
2021-12-28,HR,4,11,337.43,165,232.6,605.17,94.7,100.0,low
2021-12-29,Finance,6,34,348.71,26,449.99,564.97,61.5,67.6,high
2021-12-29,R&D,6,31,367.47,76,316.07,850.52,88.2,89.8,low
2021-12-30,IT,2,25,413.24,159,466.65,798.03,73.5,85.1,medium
2021-12-30,Operations,6,39,215.06,109,167.84,629.67,88.3,94.8,low
2022-01-01,Finance,10,36,304.95,125,340.05,496.36,72.1,80.0,medium
2022-01-01,HR,2,18,451.97,103,320.71,781.03,90.2,93.5,low
2022-01-02,Finance,3,24,360.17,137,314.19,753.2,87.3,96.4,low
2022-01-03,HR,4,33,398.82,28,287.35,623.81,90.3,100.0,low
2022-01-03,Marketing,5,31,299.36,34,316.18,553.68,78.0,79.1,medium
2022-01-04,Finance,6,36,252.99,181,198.59,493.71,83.0,100.0,low
2022-01-04,Operations,4,39,275.15,184,180.3,793.19,87.7,94.3,low
2022-01-05,HR,7,34,381.65,141,469.23,463.64,59.2,64.0,high
2022-01-05,R&D,6,44,290.47,170,226.4,905.61,90.3,96.9,low
2022-01-05,R&D,11,25,189.36,57,204.16,452.35,88.4,79.9,high
2022-01-08,Sales,7,22,73.58,109,40.32,154.43,100.0,100.0,medium
2022-01-08,Marketing,5,34,498.73,93,412.65,998.14,93.0,92.0,low
2022-01-09,HR,7,29,148.83,88,188.71,255.38,66.7,81.4,high
2022-01-10,IT,4,40,442.34,49,453.89,1179.09,92.1,81.0,low
2022-01-12,Operations,10,21,199.89,136,289.33,576.59,63.8,66.0,high
2022-01-14,Marketing,1,18,200.9,159,135.54,343.95,86.7,100.0,low
2022-01-14,R&D,8,32,290.86,131,297.13,949.22,74.7,78.8,medium
2022-01-17,R&D,6,8,178.07,36,113.32,551.96,99.8,100.0,low
2022-01-18,Sales,8,41,193.18,115,193.46,448.47,81.8,89.7,medium
2022-01-18,IT,7,29,360.88,67,437.87,845.29,71.8,72.1,high
2022-01-19,HR,8,38,251.6,77,381.12,437.76,49.8,59.1,high
2022-01-19,R&D,6,38,126.56,97,129.46,401.38,79.5,94.0,low
2022-01-20,Marketing,5,17,360.32,95,243.14,617.58,97.6,93.2,low
2022-01-20,Operations,8,49,321.74,164,421.42,815.17,62.1,79.0,high
2022-01-21,Finance,3,29,281.02,163,129.79,580.11,100.0,100.0,low
2022-01-21,HR,5,50,339.81,152,401.97,503.41,69.5,79.1,medium
2022-01-23,Marketing,3,18,100.79,168,64.05,150.77,97.1,100.0,low
2022-01-23,Sales,8,21,496.3,96,378.97,1273.01,86.5,94.1,medium
2022-01-27,Operations,6,13,297.27,140,307.2,695.55,83.5,82.0,low
2022-01-28,Sales,7,24,111.53,187,121.88,280.09,82.4,73.9,medium
2022-01-28,IT,3,20,426.07,131,363.28,1109.19,89.0,100.0,low
2022-01-30,Marketing,5,44,282.84,93,326.89,579.32,65.1,70.4,medium
2022-01-31,IT,6,30,134.05,180,150.6,264.67,65.1,83.9,medium
2022-01-31,Operations,4,41,340.43,51,358.42,898.17,75.8,93.9,medium
2022-02-02,HR,3,22,420.23,195,106.64,691.94,100.0,100.0,low
2022-02-02,R&D,4,37,488.2,42,455.69,1203.83,86.6,94.1,low
2022-02-02,Operations,6,40,238.59,113,162.46,646.9,97.9,100.0,low
2022-02-02,Operations,6,33,260.26,57,256.37,686.07,82.0,86.8,low
2022-02-05,R&D,3,17,99.68,144,36.53,272.57,100.0,100.0,low
2022-02-05,Marketing,5,21,119.67,127,82.1,200.48,100.0,100.0,low
2022-02-07,R&D,4,27,391.87,136,359.94,1289.79,89.5,94.8,low
2022-02-07,Operations,6,38,401.88,194,446.82,1189.57,73.0,77.5,medium
2022-02-08,IT,1,26,203.49,105,228.05,576.63,68.5,88.3,medium
2022-02-09,Operations,10,27,166.82,180,197.89,429.17,69.8,70.4,medium
2022-02-10,Marketing,3,36,129.02,195,111.61,242.8,78.9,94.2,low
2022-02-11,Marketing,10,43,158.88,194,199.17,241.83,67.1,72.6,high
2022-02-12,IT,6,38,469.95,59,422.73,1136.02,93.3,95.6,low
2022-02-14,Sales,7,32,413.58,132,544.43,772.59,65.1,64.6,high
2022-02-14,R&D,6,39,208.54,16,171.04,560.81,82.9,96.5,low
2022-02-14,IT,8,39,380.33,177,478.47,755.55,66.0,82.4,high
2022-02-14,R&D,5,17,195.79,138,127.05,493.84,95.4,94.2,low
2022-02-15,Operations,11,51,78.29,119,98.75,184.26,66.2,80.0,high
2022-02-17,R&D,3,25,343.03,11,177.36,1094.66,100.0,100.0,low
2022-02-18,Finance,9,32,421.11,34,450.89,815.53,76.3,89.5,medium
2022-02-18,Finance,3,34,139.02,97,87.87,238.72,92.9,100.0,low
2022-02-21,Sales,4,31,70.29,127,57.12,179.37,86.1,95.7,low
2022-02-21,IT,8,57,361.33,92,534.9,894.17,56.3,57.8,high
2022-02-22,IT,5,9,424.67,170,214.15,886.9,100.0,99.4,low
2022-02-23,Marketing,4,33,182.43,75,134.92,319.74,96.9,98.6,low
2022-02-25,Sales,9,36,121.16,59,130.61,238.76,72.9,83.3,medium
2022-02-25,R&D,4,33,63.63,43,56.5,163.59,90.1,95.3,low
2022-02-28,R&D,11,31,116.4,110,149.9,335.91,57.1,73.8,high
2022-03-01,Finance,3,15,242.66,113,139.14,479.55,98.8,100.0,low
2022-03-02,HR,9,33,262.93,177,441.41,334.65,37.7,63.3,high
2022-03-02,R&D,6,24,218.08,141,168.88,578.62,94.6,99.0,low
2022-03-02,IT,3,34,116.11,169,98.0,284.5,89.6,90.4,low
2022-03-03,Finance,3,31,60.42,103,47.73,119.99,94.4,100.0,low
2022-03-05,Finance,7,23,78.34,15,73.18,126.91,80.5,90.2,medium
2022-03-05,Marketing,4,11,66.01,22,16.21,108.09,100.0,100.0,low
2022-03-06,Marketing,10,21,236.29,95,241.65,356.61,78.0,91.4,medium
2022-03-06,R&D,6,24,347.61,121,206.3,1053.41,100.0,97.3,low
2022-03-06,Sales,2,46,443.22,27,365.94,1195.2,81.3,98.8,low
2022-03-08,Operations,4,30,58.03,186,50.63,149.47,92.2,95.7,low
2022-03-08,Operations,10,24,469.2,111,577.31,1174.25,61.2,70.0,high
2022-03-08,IT,3,21,347.05,36,151.0,687.32,100.0,100.0,low
2022-03-08,Sales,6,30,226.25,185,229.64,527.83,75.6,81.3,low
2022-03-10,Sales,6,21,286.51,184,110.72,581.73,100.0,99.8,low
2022-03-11,Operations,7,36,64.23,181,79.98,167.98,68.9,81.8,high
2022-03-12,HR,6,17,227.29,47,85.62,350.18,100.0,100.0,low
2022-03-12,IT,4,24,380.74,151,297.04,920.13,90.6,93.3,low
2022-03-14,R&D,10,9,206.83,42,170.79,528.3,88.0,89.1,medium
2022-03-15,Marketing,7,38,478.99,90,440.26,804.55,91.3,88.4,medium
2022-03-16,R&D,7,26,352.64,51,400.41,1151.15,66.7,82.9,medium
2022-03-17,R&D,5,19,176.32,57,127.2,476.31,94.9,100.0,low
2022-03-21,Finance,8,20,256.82,96,197.92,554.72,91.5,89.5,medium
2022-03-23,IT,5,20,370.74,119,350.83,754.33,85.0,83.3,low
2022-03-25,R&D,10,25,161.13,93,176.48,491.21,74.4,83.2,medium
2022-03-25,Operations,7,9,260.28,160,214.85,544.9,96.4,90.4,medium
2022-03-26,R&D,9,41,420.65,115,531.07,935.56,55.5,76.4,high
2022-03-26,Finance,7,36,229.48,28,277.32,447.48,78.1,78.9,high
2022-03-26,Operations,3,21,223.27,116,179.54,512.51,84.1,94.0,low
2022-03-26,HR,7,20,240.77,94,237.99,389.51,81.7,86.5,medium
2022-03-28,Finance,7,46,290.41,97,327.75,577.01,64.8,84.1,medium
2022-03-29,R&D,2,32,287.51,100,188.75,832.0,88.0,100.0,low
2022-03-29,Marketing,3,37,496.77,90,406.22,749.04,80.3,86.5,low
2022-03-30,Finance,11,26,220.39,181,286.42,372.59,52.9,72.5,high
2022-03-30,HR,5,34,133.12,22,147.21,225.58,76.4,83.6,medium
2022-04-01,R&D,6,33,146.59,196,141.1,434.75,84.0,86.2,low
2022-04-01,Marketing,4,41,79.04,82,70.15,156.2,83.5,89.2,low
2022-04-02,R&D,4,44,242.98,29,242.34,649.84,82.3,89.8,low
2022-04-03,R&D,6,22,365.37,184,407.79,930.47,78.0,85.4,medium
2022-04-03,Finance,6,42,333.46,91,314.97,521.71,78.4,90.8,low
2022-04-04,Sales,5,34,349.99,128,289.85,814.86,87.0,98.4,low
2022-04-05,Sales,5,35,309.71,59,344.4,612.21,73.8,92.4,medium
2022-04-06,Marketing,8,22,348.87,141,413.44,718.53,73.5,82.9,medium
2022-04-07,Operations,8,42,344.94,160,396.46,840.16,66.4,83.2,medium
2022-04-08,R&D,7,34,429.43,164,547.96,1144.0,63.1,78.5,high
2022-04-08,Marketing,3,32,253.14,71,243.58,442.51,79.5,85.9,low
2022-04-08,Operations,6,37,146.01,129,163.33,440.15,75.6,81.5,medium
2022-04-09,Operations,3,30,116.49,10,96.3,345.33,91.2,99.3,low
2022-04-09,Sales,8,20,191.56,13,212.65,495.89,72.5,80.6,medium
2022-04-10,R&D,4,31,196.28,184,190.29,605.14,80.4,75.0,low
2022-04-11,Sales,8,6,425.02,56,370.5,813.38,85.6,82.6,medium
2022-04-12,IT,5,23,158.03,101,120.25,332.75,94.1,97.7,low
2022-04-13,Marketing,5,34,77.58,33,69.61,158.66,85.9,87.4,low
2022-04-14,HR,5,29,231.04,192,273.33,391.39,71.8,89.3,medium
2022-04-15,IT,6,31,420.47,186,293.9,1036.16,96.7,100.0,low
2022-04-16,IT,6,16,355.29,135,404.25,836.12,73.5,80.2,medium
2022-04-16,HR,6,40,240.59,91,314.58,382.92,77.0,73.8,high
2022-04-17,HR,6,37,253.42,92,310.86,416.67,73.3,73.8,high
2022-04-18,Sales,6,5,273.74,58,251.0,587.4,86.4,89.5,low
2022-04-18,IT,5,32,253.44,194,194.38,588.12,97.8,100.0,low
2022-04-19,Marketing,8,33,382.53,13,427.33,630.85,74.3,79.7,medium
2022-04-20,Marketing,4,29,212.8,194,216.87,396.71,79.7,88.2,low
2022-04-21,Operations,11,40,467.38,176,545.34,1352.64,76.1,76.8,high
2022-04-22,Marketing,6,26,162.5,194,172.82,290.73,76.6,86.5,medium
2022-04-28,Operations,7,32,442.66,112,373.39,996.7,86.0,93.7,medium
2022-04-30,Marketing,4,23,283.85,65,278.4,464.69,78.7,90.5,low
2022-05-01,HR,7,20,52.67,94,51.84,72.68,70.4,84.8,medium
2022-05-01,Marketing,5,42,331.22,18,362.87,529.58,72.1,86.7,medium
2022-05-03,HR,12,38,148.46,185,184.67,215.03,76.5,67.0,high
2022-05-03,HR,5,28,464.12,75,528.27,665.75,72.3,81.1,medium
2022-05-04,Finance,7,29,408.89,19,397.45,696.5,84.2,84.3,medium
2022-05-06,R&D,5,22,169.81,72,140.28,553.76,80.5,83.0,low
2022-05-06,Finance,5,42,126.5,61,150.36,232.3,68.9,81.4,medium
2022-05-07,Sales,10,38,53.86,89,74.83,121.11,51.3,63.0,high
2022-05-07,IT,4,40,470.41,103,432.86,1203.74,82.9,88.8,low
2022-05-10,IT,8,47,408.63,15,444.63,1105.24,70.4,75.4,medium
2022-05-10,IT,8,15,402.98,199,296.68,949.72,99.7,94.4,medium
2022-05-10,R&D,6,40,281.17,170,243.47,877.99,78.3,92.6,low
2022-05-12,R&D,6,22,432.85,47,347.84,1075.76,88.0,100.0,low
2022-05-13,Marketing,9,36,449.2,125,473.17,655.32,79.2,81.4,medium
2022-05-13,Operations,5,10,179.4,65,144.66,424.57,87.7,95.7,low
2022-05-16,R&D,4,40,281.54,151,240.51,923.8,86.1,96.6,low
2022-05-16,Sales,3,31,77.41,151,75.6,197.35,75.9,82.3,low
2022-05-16,Finance,16,38,223.44,33,385.3,391.54,52.9,53.3,high
2022-05-18,IT,7,28,467.4,41,526.79,1086.79,80.7,70.5,medium
2022-05-18,Operations,2,26,480.79,22,447.85,1030.83,86.4,89.1,low
2022-05-20,Sales,5,23,192.43,57,209.57,506.41,64.4,79.5,medium
2022-05-21,R&D,4,29,271.7,22,211.71,654.79,93.1,93.8,low
2022-05-21,R&D,5,17,181.17,136,205.86,409.78,60.8,75.4,medium
2022-05-21,HR,8,29,314.86,53,255.0,448.28,94.4,95.8,medium
2022-05-21,Sales,4,16,85.4,116,80.22,204.44,88.3,85.7,low
2022-05-21,Sales,7,22,325.11,186,352.53,899.26,65.8,82.0,medium
2022-05-22,Operations,5,19,98.1,81,66.53,261.14,93.4,100.0,low
2022-05-25,Sales,6,29,329.82,136,346.96,625.29,82.1,85.8,medium
2022-05-25,HR,7,31,425.36,151,461.18,523.16,74.8,83.5,medium
2022-05-26,Operations,5,32,472.26,104,422.84,1065.33,73.3,85.7,low
2022-05-27,Sales,5,24,457.69,163,374.04,965.83,87.7,86.8,low
2022-05-28,Sales,5,18,385.65,185,188.88,999.01,96.5,100.0,low
2022-05-28,Finance,3,36,138.62,131,93.14,211.56,91.4,96.8,low
2022-05-29,Finance,6,23,470.05,162,439.21,706.93,73.5,89.8,low
2022-05-30,HR,6,20,55.88,18,53.26,99.57,80.7,89.8,low
2022-05-30,HR,7,27,373.3,115,462.29,649.62,63.7,80.8,high
2022-06-01,Marketing,4,35,331.92,84,282.85,677.17,86.8,98.9,low
2022-06-01,Sales,3,23,106.78,145,101.71,248.32,79.8,88.1,low
2022-06-01,HR,4,25,279.61,67,281.07,413.16,87.0,99.5,low
2022-06-02,Finance,7,18,307.24,63,194.97,564.42,95.7,94.2,medium
2022-06-02,HR,9,42,295.89,150,411.27,481.08,63.0,77.7,high
2022-06-03,Operations,5,53,316.6,95,363.6,837.0,77.2,76.9,medium
2022-06-03,IT,10,38,106.13,14,169.26,241.26,53.6,58.7,high
2022-06-04,R&D,7,31,289.72,26,356.05,686.4,70.5,74.0,high
2022-06-04,Finance,5,23,56.66,107,45.76,97.14,82.1,85.3,low
2022-06-09,Operations,6,25,271.88,74,202.81,629.31,93.1,93.2,low
2022-06-10,HR,4,42,409.66,143,394.03,661.32,74.5,90.6,low
2022-06-10,IT,7,19,66.67,61,94.57,138.99,56.8,73.8,high
2022-06-13,Marketing,9,26,266.44,37,218.99,538.91,96.0,90.3,medium
2022-06-14,Operations,4,32,386.69,42,264.3,1043.24,100.0,99.7,low
2022-06-14,Operations,7,32,377.0,39,469.08,1054.34,62.3,72.8,high
2022-06-14,Finance,5,44,339.04,10,454.68,517.19,60.7,73.2,high
2022-06-15,Operations,3,31,344.19,76,223.94,891.13,95.9,99.4,low
2022-06-15,Operations,5,8,431.33,146,274.79,1330.49,96.1,100.0,low
2022-06-16,Operations,6,30,323.47,65,321.02,779.81,83.7,76.4,low
2022-06-16,Operations,4,25,181.64,129,151.6,521.83,94.2,94.2,low
2022-06-18,Operations,5,43,441.1,167,361.13,957.84,98.6,92.8,low
2022-06-21,Sales,4,23,284.26,130,212.57,537.78,97.2,94.0,low
2022-06-21,Sales,4,27,400.98,158,223.07,1091.93,100.0,100.0,low
2022-06-24,Finance,3,21,362.23,89,239.94,695.82,98.7,100.0,low
2022-06-25,HR,4,28,391.56,119,293.15,495.2,83.3,99.7,low
2022-06-26,Finance,7,35,412.26,126,476.59,845.63,70.5,76.7,medium
2022-06-26,R&D,5,26,478.29,68,336.64,1411.69,100.0,100.0,low
2022-06-27,Operations,5,38,417.12,56,468.4,1260.44,80.5,77.2,medium
2022-06-30,R&D,6,33,61.97,153,50.9,183.84,96.1,92.6,low
2022-07-01,Sales,4,28,406.98,88,372.03,800.03,78.0,96.4,low
2022-07-02,Finance,8,27,341.67,100,348.69,603.83,84.2,82.9,medium
2022-07-03,Marketing,5,23,220.5,156,259.63,355.78,75.0,76.1,medium
2022-07-04,IT,9,30,357.23,155,265.68,814.15,100.0,94.7,medium
2022-07-08,Marketing,6,19,100.22,18,89.22,144.91,90.4,96.6,low
2022-07-08,Finance,9,29,341.84,14,371.34,698.07,77.7,84.5,medium
2022-07-09,Marketing,4,34,428.87,26,514.68,789.72,61.2,79.0,high
2022-07-09,Finance,7,12,308.14,174,231.71,595.21,100.0,98.9,medium
2022-07-10,IT,4,25,106.29,174,108.55,289.16,94.2,94.9,low
2022-07-10,Finance,6,21,333.68,51,215.49,586.79,100.0,95.0,low
2022-07-11,HR,5,39,391.28,62,373.6,670.29,79.4,93.2,low
2022-07-13,Sales,7,33,421.39,188,554.71,1143.44,67.4,71.9,high
2022-07-16,R&D,7,25,101.11,175,120.03,264.84,64.6,68.9,medium
2022-07-17,Operations,3,37,391.74,84,311.09,1060.1,85.1,92.3,low
2022-07-17,Marketing,2,29,295.98,112,234.7,461.68,90.9,97.7,low
2022-07-17,R&D,4,12,68.55,50,67.64,184.57,76.3,86.5,low
2022-07-17,Finance,2,22,467.06,60,444.47,752.03,88.6,94.7,low
2022-07-17,Sales,4,45,340.1,59,269.91,684.36,89.9,96.8,low
2022-07-18,Operations,6,34,429.52,160,154.78,905.3,100.0,100.0,low
2022-07-20,IT,7,22,351.87,121,300.82,921.01,90.2,90.2,medium
2022-07-20,R&D,8,41,452.57,136,708.67,1162.43,52.6,66.9,high
2022-07-22,Marketing,5,56,218.92,85,261.54,449.26,79.2,74.8,medium
2022-07-23,IT,5,25,228.98,72,249.42,598.03,74.6,88.0,medium
2022-07-23,Operations,7,24,422.8,189,469.93,1015.27,78.1,78.8,medium
2022-07-24,HR,5,49,299.07,100,381.36,519.67,58.7,70.1,high
2022-07-24,Sales,7,31,229.7,133,205.76,543.55,85.5,96.9,medium
2022-07-31,Sales,7,23,374.57,96,448.86,998.83,63.1,74.4,medium
2022-07-31,HR,4,25,176.9,151,112.85,265.73,99.3,100.0,low
2022-07-31,Finance,4,32,314.21,66,320.67,667.48,79.9,91.7,low
2022-08-03,Sales,6,30,100.44,43,134.68,214.18,62.1,66.6,high
2022-08-03,Marketing,8,35,278.67,170,313.12,480.33,81.9,68.3,medium
2022-08-05,IT,6,32,244.76,22,260.92,692.48,77.4,82.5,medium
2022-08-08,R&D,10,19,213.6,12,203.38,675.33,88.7,88.3,medium
2022-08-09,Operations,8,30,147.11,60,177.95,361.79,57.3,74.9,high
2022-08-10,R&D,3,20,270.11,191,135.5,802.91,98.0,100.0,low
2022-08-10,Sales,10,31,482.33,66,594.69,1315.1,65.9,73.4,high
2022-08-10,Marketing,6,25,156.64,57,155.08,234.98,83.5,84.7,low
2022-08-11,Sales,5,37,408.16,55,427.42,835.2,72.4,86.4,low
2022-08-12,IT,4,33,158.04,91,140.99,335.98,90.9,87.0,low
2022-08-12,Sales,5,40,412.88,27,565.99,828.1,65.0,70.6,high
2022-08-13,Sales,5,23,174.81,140,178.24,329.65,81.6,89.0,low
2022-08-13,Sales,4,28,456.63,190,401.3,845.13,83.9,94.3,low
2022-08-14,Sales,2,25,372.75,138,274.95,928.91,96.3,92.7,low
2022-08-14,Marketing,4,12,162.86,152,160.25,269.75,83.2,86.8,low
2022-08-15,Sales,5,33,329.86,32,207.67,741.6,92.8,100.0,low
2022-08-15,IT,8,34,392.85,66,220.53,854.79,100.0,100.0,medium
2022-08-15,Sales,8,26,442.39,79,363.52,1090.17,93.3,88.3,medium
2022-08-15,Finance,6,36,246.34,16,165.15,509.41,100.0,94.0,low
2022-08-15,Marketing,5,27,417.63,130,313.93,798.86,96.9,92.8,low
2022-08-15,Sales,8,30,430.83,164,542.8,1102.23,68.2,72.6,high
2022-08-16,Sales,8,29,84.47,191,95.37,228.45,71.2,91.6,medium
2022-08-16,R&D,7,20,114.88,48,71.26,272.66,100.0,100.0,medium
2022-08-17,IT,7,29,399.78,158,324.87,986.02,76.5,86.8,medium
2022-08-18,IT,7,34,75.09,158,63.92,196.28,93.5,88.5,medium
2022-08-19,Finance,7,17,119.9,132,136.27,251.17,79.3,80.1,medium
2022-08-20,Marketing,6,41,358.96,60,331.99,634.47,88.1,98.5,low
2022-08-20,IT,7,31,414.51,19,517.66,925.93,71.6,61.8,high
2022-08-25,Marketing,2,33,230.83,112,277.19,398.98,72.8,84.5,high
2022-08-25,IT,5,10,61.02,103,40.83,170.93,94.6,100.0,low
2022-08-27,Sales,4,29,68.67,181,56.95,180.69,86.6,91.4,low
2022-08-28,HR,8,33,251.59,168,285.64,314.12,75.0,77.5,medium
2022-08-29,Finance,5,27,87.2,106,88.82,185.92,86.2,83.6,low
2022-08-29,Operations,6,20,444.51,160,449.72,1166.58,82.7,83.7,low
2022-08-30,Finance,10,30,317.67,177,407.79,652.73,64.3,65.8,high
2022-08-30,Operations,11,18,277.51,195,316.67,676.37,68.9,82.5,high
2022-08-31,Marketing,10,42,421.42,83,556.53,743.27,61.2,76.3,high
2022-09-01,HR,6,40,165.65,45,186.11,253.37,75.3,85.5,medium
2022-09-02,Operations,9,14,445.91,140,587.2,1179.33,57.4,71.5,high
2022-09-04,Marketing,6,28,370.01,14,340.34,678.63,88.4,88.0,low
2022-09-07,Operations,5,28,133.22,71,65.08,356.25,100.0,100.0,low
2022-09-08,Operations,2,27,491.51,174,428.49,1258.43,89.7,90.0,low
2022-09-09,R&D,6,36,203.69,35,172.7,507.75,84.2,82.1,low
2022-09-12,R&D,5,30,329.13,110,351.24,1059.27,77.8,74.8,medium
2022-09-13,Marketing,4,27,93.01,135,82.28,174.65,86.9,89.5,low
2022-09-14,Finance,3,31,395.59,110,409.92,607.17,82.7,86.1,low
2022-09-14,HR,5,22,256.4,71,271.69,328.64,76.3,87.7,medium
2022-09-16,Operations,9,38,453.65,166,524.53,958.41,74.6,83.3,medium
2022-09-18,Marketing,6,30,461.37,32,610.13,893.1,72.4,79.0,high
2022-09-19,R&D,5,20,94.3,129,82.72,276.97,89.3,96.6,low
2022-09-19,IT,3,40,246.13,171,236.84,531.06,83.9,90.6,low
2022-09-22,Operations,3,40,210.36,176,189.41,454.32,87.0,97.2,low
2022-09-22,R&D,7,14,384.22,64,426.16,1197.25,80.6,81.6,medium
2022-09-23,HR,2,29,292.06,82,312.95,421.19,82.1,83.2,medium
2022-09-23,Sales,1,27,191.47,148,171.38,482.86,75.5,84.2,low
2022-09-25,Sales,6,10,183.04,72,134.43,406.56,100.0,95.5,low
2022-09-25,HR,6,42,239.39,113,276.21,346.73,70.7,88.3,medium
